{
  
  "ffmpegSetup": {
    "ffmpegPath": "",
    "workingFS": 32000,
    "tdta_chunk": 800,
    "chunk_size": 32768    
  },
  
  "F0Setup": {
    "minF0": 75.0,
    "maxF0": 400.0,
    "timeShift": 0.01
  },
  
  "IntensitySetup": {
    "minPitch": 80.0,
    "minSilentDuration": 0.3,
    "minVoicedDuration": 0.1,
    "minDip_dB": 2.0,
    "VoiceSildB": 25.0
  },

  "FormantSetup": {
    "timeStep": 0.00625,
    "maximumNumberOfFormants": 6.0,
    "maximumFormantFrequency": 5500,
    "windowLength": 0.025,
    "preemphasisFrequency": 50.0,
    "safetyMargin": 50.0
  },
  
  "IPUSetup": {
    "frameSize": 5600,
    "frameShift": 2800,
    "filter": [0.1, 0.2, 0.4, 0.2, 0.1]
  },
  
  "featureExtractor": {
    "filterComment": "precomputed FIR BandPass 80-8000 Hz for FS 32000",
    "filterCoeffs": [ -0.000995974052, -0.000558003312, 0.000176216063, 0.000889996854, 
        0.001096213030, 0.000357481068, -0.001309889530, -0.003143421390, -0.003833753650, 
        -0.002324227720, 0.001191522840, 0.004842327410, 0.005829532000, 0.002224165050, 
        -0.005211805680, -0.012581133300, -0.014596713000, -0.007948477920, 0.005636472920, 
        0.018912175700, 0.022316656400, 0.009753329490, -0.016137695300, -0.042698112200, 
        -0.051690068300, -0.028043738000, 0.031291362900, 0.113295080000, 0.192468831000, 
        0.241028010000, 0.241028010000, 0.192468831000, 0.113295080000, 0.031291362900, 
        -0.028043738000, -0.051690068300, -0.042698112200, -0.016137695300, 0.009753329490, 
        0.022316656400, 0.018912175700, 0.005636472920, -0.007948477920, -0.014596713000, 
        -0.012581133300, -0.005211805680, 0.002224165050, 0.005829532000, 0.004842327410, 
        0.001191522840, -0.002324227720, -0.003833753650, -0.003143421390, -0.001309889530, 
        0.000357481068, 0.001096213030, 0.000889996854, 0.000176216063, -0.000558003312, -0.000995974052]
  },  

  "generalSetup": {
    "noises": ["0","1","2","3","4","5","6","7","8","9","-","E"],
    "noiseCodes": {
        "[n::silence]":"-",
        "[n::click]":"1",
        "[n::rustle]":"2",
        "[h::breath]":"3",
        "[n::rumble]":"4",
        "[h::ehm]":"5",
        "[n::longnoise]":"9",
        "[h::stroke]":"8",
        "":"-"   }
  }
  
  
}